
{
  "placeholderImages": [
    {
      "id": "avatar1",
      "description": "Avatar for Alex Johnson",
      "imageUrl": "https://picsum.photos/seed/1/100/100",
      "imageHint": "man portrait"
    },
    {
      "id": "avatar2",
      "description": "Avatar for Maria Garcia",
      "imageUrl": "https://picsum.photos/seed/2/100/100",
      "imageHint": "woman portrait"
    },
    {
      "id": "avatar3",
      "description": "Avatar for David Smith",
      "imageUrl": "https://picsum.photos/seed/3/100/100",
      "imageHint": "person portrait"
    },
    {
      "id": "avatar4",
      "description": "Avatar for Sarah Chen",
      "imageUrl": "https://picsum.photos/seed/4/100/100",
      "imageHint": "woman face"
    },
    {
      "id": "avatar5",
      "description": "Avatar for Michael Brown",
      "imageUrl": "https://picsum.photos/seed/5/100/100",
      "imageHint": "man face"
    }
  ]
}
