[
  {
    "name": "yuiop",
    "company": "hjkl",
    "email": "gourav20042005@gmail.com",
    "phone": "7024474517",
    "whatsappNumber": "7777777777",
    "status": "New",
    "source": "Website",
    "products": [
      {
        "productId": "prod-4",
        "quantity": 1,
        "rate": 20000
      }
    ],
    "id": "lead-1758385443736",
    "createdAt": "2025-09-20T16:24:03.736Z",
    "activities": [
      {
        "id": "act-lead-1758385443736-1",
        "date": "2025-09-20T16:24:03.736Z",
        "type": "Email",
        "notes": "Lead created in the system. Initial notes: hello hello hello hello hello hello hello hello hello hello hello hello hello hello hello hello hello hello hello hello hello hello hello hello hello hello hello hello hello hello hello hello "
      }
    ]
  },
  {
    "name": "Rithesh",
    "company": "Startrek",
    "email": "rithesh@startrek.com",
    "phone": "9723604009",
    "whatsappNumber": "9723604009",
    "status": "In Discussion",
    "source": "IndiaMart",
    "products": [
      {
        "productId": "prod-4",
        "quantity": 1,
        "rate": 20000
      }
    ],
    "id": "lead-1758266390525",
    "createdAt": "2025-09-19T07:19:50.525Z",
    "activities": [
      {
        "type": "Proposal Sent",
        "notes": "Quotation QUO-0004 was created and sent.",
        "id": "act-lead-1758266390525-5",
        "date": "2025-09-19T07:24:19.004Z"
      },
      {
        "type": "Revision Request",
        "notes": "Lead details were updated:\n- Interested products updated.\n- Old: E-commerce Store (Qty: 1, Rate: 7500, SKU: N/A)\n- New: Custom Web Application (Qty: 1, Rate: 20000, SKU: N/A)",
        "id": "act-lead-1758266390525-4",
        "date": "2025-09-19T07:23:08.556Z"
      },
      {
        "type": "Revision Request",
        "notes": "the requirement has changed",
        "id": "act-lead-1758266390525-3",
        "date": "2025-09-19T07:22:53.815Z"
      },
      {
        "type": "Meeting",
        "notes": "To call sir tomorrow at 8 PM",
        "id": "act-lead-1758266390525-2",
        "date": "2025-09-19T07:21:32.262Z"
      },
      {
        "id": "act-lead-1758266390525-1",
        "date": "2025-09-19T07:19:50.525Z",
        "type": "Email",
        "notes": "Lead created in the system. Initial notes: This is for test purposes only."
      }
    ]
  },
  {
    "name": "Shravya",
    "company": "Emblm",
    "email": "shravya.vj2812@gmail.com",
    "phone": "9663541194",
    "whatsappNumber": "9663541194",
    "status": "New",
    "source": "Website",
    "products": [
      {
        "productId": "prod-2",
        "quantity": 1,
        "rate": 7500
      }
    ],
    "id": "lead-1757917089011",
    "createdAt": "2025-09-15T06:18:09.011Z",
    "activities": [
      {
        "type": "Proposal Sent",
        "notes": "Quotation QUO-0003 was created and sent.",
        "id": "act-lead-1757917089011-4",
        "date": "2025-09-15T06:20:37.893Z"
      },
      {
        "type": "Meeting",
        "notes": "For testing purposes",
        "id": "act-lead-1757917089011-3",
        "date": "2025-09-15T06:19:31.083Z"
      },
      {
        "type": "Revision Request",
        "notes": "Lead details were updated:\n- Interested products updated.\n- Old: SEO & Marketing Plan (Qty: 1, Rate: 1200, SKU: N/A)\n- New: E-commerce Store (Qty: 1, Rate: 7500, SKU: N/A)",
        "id": "act-lead-1757917089011-2",
        "date": "2025-09-15T06:18:53.018Z"
      },
      {
        "id": "act-lead-1757917089011-1",
        "date": "2025-09-15T06:18:09.011Z",
        "type": "Email",
        "notes": "Lead created in the system. Initial notes: Test"
      }
    ]
  },
  {
    "name": "Milap",
    "company": "Nifty",
    "email": "milap@niftyprojects.in",
    "phone": "9723604009",
    "whatsappNumber": "9723604009",
    "status": "New",
    "source": "Conference",
    "products": [
      {
        "productId": "prod-3",
        "quantity": 1,
        "rate": 1200
      }
    ],
    "id": "lead-1757756450993",
    "createdAt": "2025-09-13T09:40:50.993Z",
    "activities": [
      {
        "type": "Proposal Sent",
        "notes": "Quotation QUO-0002 was created and sent.",
        "id": "act-lead-1757756450993-4",
        "date": "2025-09-13T09:42:31.846Z"
      },
      {
        "type": "Revision Request",
        "notes": "Lead details were updated:\n- Interested products updated.\n- Old: Basic Website Package (Qty: 1, Rate: 2500)\n- New: SEO & Marketing Plan (Qty: 1, Rate: 1200)",
        "id": "act-lead-1757756450993-3",
        "date": "2025-09-13T09:41:53.575Z"
      },
      {
        "type": "Meeting",
        "notes": "We will have a meeting tomorrow.",
        "id": "act-lead-1757756450993-2",
        "date": "2025-09-13T09:41:27.885Z"
      },
      {
        "id": "act-lead-1757756450993-1",
        "date": "2025-09-13T09:40:50.993Z",
        "type": "Email",
        "notes": "Lead created in the system. Initial notes: Test"
      }
    ]
  },
  {
    "name": "Om",
    "company": "NPE",
    "email": "npe@npe.com",
    "phone": "9723604009",
    "whatsappNumber": "9723604009",
    "status": "In Discussion",
    "source": "Referral",
    "products": [
      {
        "productId": "prod-4",
        "quantity": 1,
        "rate": 20000
      }
    ],
    "id": "lead-1757753452451",
    "createdAt": "2025-09-13T08:50:52.451Z",
    "activities": [
      {
        "type": "Revision Request",
        "notes": "Lead details were updated:\n- Interested products updated.\n- Old: SEO & Marketing Plan (Qty: 1, Rate: 1200)\n- New: Custom Web Application (Qty: 1, Rate: 20000)",
        "id": "act-lead-1757753452451-2",
        "date": "2025-09-13T08:57:48.827Z"
      },
      {
        "id": "act-lead-1757753452451-1",
        "date": "2025-09-13T08:50:52.451Z",
        "type": "Email",
        "notes": "Lead created in the system. Initial notes: Test"
      }
    ]
  },
  {
    "id": "lead-3",
    "name": "David Smith",
    "company": "Tech Forward",
    "email": "david.s@techforward.com",
    "phone": "345-678-9012",
    "whatsappNumber": "345-678-9012",
    "status": "New",
    "source": "Website",
    "createdAt": "2024-09-11T12:00:00.000Z",
    "activities": [
      {
        "id": "act-3-1",
        "date": "2024-09-12T12:00:00.000Z",
        "type": "Email",
        "notes": "New lead from the website contact form. Sent an automated welcome email."
      }
    ],
    "products": []
  },
  {
    "id": "lead-1",
    "name": "Alex Johnson",
    "company": "Innovate Inc.",
    "email": "alex.j@innovate.com",
    "phone": "123-456-7890",
    "whatsappNumber": "123-456-7890",
    "status": "In Discussion",
    "source": "Referral",
    "createdAt": "2024-09-03T12:00:00.000Z",
    "activities": [
      {
        "id": "act-1-1",
        "date": "2024-09-04T12:00:00.000Z",
        "type": "Call",
        "notes": "Initial discovery call. Discussed their needs for our Q3 product line. Seem very interested."
      },
      {
        "id": "act-1-2",
        "date": "2024-09-08T12:00:00.000Z",
        "type": "Meeting",
        "notes": "Follow-up meeting with their technical team. Went over the API documentation. They had some good questions about integration."
      },
      {
        "id": "act-1-3",
        "date": "2024-09-11T12:00:00.000Z",
        "type": "Email",
        "notes": "Sent a follow-up email with answers to their technical questions and a preliminary quote."
      }
    ],
    "products": [
      {
        "productId": "prod-4",
        "quantity": 1,
        "rate": 20000
      }
    ]
  },
  {
    "id": "lead-2",
    "name": "Maria Garcia",
    "company": "Solutions Co.",
    "email": "maria.g@solutions.co",
    "phone": "234-567-8901",
    "status": "Negotiation",
    "source": "Conference",
    "createdAt": "2024-08-19T12:00:00.000Z",
    "activities": [
      {
        "id": "act-2-1",
        "date": "2024-08-24T12:00:00.000Z",
        "type": "Email",
        "notes": "Initial contact from a referral. Sent our standard marketing packet."
      },
      {
        "id": "act-2-2",
        "date": "2024-08-29T12:00:00.000Z",
        "type": "Call",
        "notes": "Call to discuss their project. They have a tight budget but a clear vision."
      },
      {
        "id": "act-2-3",
        "date": "2024-09-06T12:00:00.000Z",
        "type": "Proposal Sent",
        "notes": "Drafted and sent a detailed proposal based on our call."
      },
      {
        "id": "act-2-4",
        "date": "2024-09-10T12:00:00.000Z",
        "type": "Revision Request",
        "notes": "They requested a revision to the proposal, asking for a different payment schedule. Currently in negotiation."
      }
    ],
    "products": [
      {
        "productId": "prod-1",
        "quantity": 1,
        "rate": 2500
      },
      {
        "productId": "prod-3",
        "quantity": 6,
        "rate": 1100
      }
    ]
  },
  {
    "id": "lead-4",
    "name": "Sarah Chen",
    "company": "Synergy Partners",
    "email": "sarah.c@synergy.com",
    "phone": "456-789-0123",
    "status": "Closed - Won",
    "source": "Conference",
    "createdAt": "2024-07-30T12:00:00.000Z",
    "activities": [
      {
        "id": "act-4-1",
        "date": "2024-08-04T12:00:00.000Z",
        "type": "Meeting",
        "notes": "Met at a conference. Great initial conversation."
      },
      {
        "id": "act-4-2",
        "date": "2024-08-14T12:00:00.000Z",
        "type": "Proposal Sent",
        "notes": "Sent proposal. They were impressed."
      },
      {
        "id": "act-4-3",
        "date": "2024-08-24T12:00:00.000Z",
        "type": "Negotiation",
        "notes": "Minor negotiation on terms. Agreed on a 12-month contract."
      },
      {
        "id": "act-4-4",
        "date": "2024-08-26T12:00:00.000Z",
        "type": "Email",
        "notes": "Contract signed. Project kickoff scheduled. Closed as won."
      }
    ],
    "products": [
      {
        "productId": "prod-2",
        "quantity": 1,
        "rate": 7500
      }
    ]
  },
  {
    "id": "lead-5",
    "name": "Michael Brown",
    "company": "DataStream LLC",
    "email": "michael.b@datastream.com",
    "phone": "567-890-1234",
    "status": "Closed - Lost",
    "source": "Social Media",
    "createdAt": "2024-07-15T12:00:00.000Z",
    "activities": [
      {
        "id": "act-5-1",
        "date": "2024-07-20T12:00:00.000Z",
        "type": "Call",
        "notes": "Long discussion about their data needs. Seemed promising."
      },
      {
        "id": "act-5-2",
        "date": "2024-07-25T12:00:00.000Z",
        "type": "Proposal Sent",
        "notes": "Sent a comprehensive proposal."
      },
      {
        "id": "act-5-3",
        "date": "2024-07-30T12:00:00.000Z",
        "type": "Email",
        "notes": "Followed up, they decided to go with a competitor due to pricing. Closed as lost."
      }
    ],
    "products": [
      {
        "productId": "prod-1",
        "quantity": 1,
        "rate": 2500
      }
    ]
  }
]