[
  {
    "id": "prod-1",
    "name": "Basic Website Package",
    "description": "A professional 5-page website.",
    "price": 2500,
    "gstRate": 18,
    "skus": [
      "S",
      "M",
      "L",
      "XL",
      "2XL"
    ],
    "catalogueUrl": ""
  },
  {
    "id": "prod-2",
    "name": "E-commerce Store",
    "description": "A full-featured online store with payment gateway.",
    "price": 7500,
    "gstRate": 18
  },
  {
    "id": "prod-3",
    "name": "SEO & Marketing Plan",
    "description": "Monthly SEO and content marketing services.",
    "price": 1200,
    "gstRate": 12
  },
  {
    "id": "prod-4",
    "name": "Custom Web Application",
    "description": "A bespoke web application tailored to your needs.",
    "price": 20000,
    "gstRate": 18
  }
]